{
  "__type__": "cc.SpriteFrame",
  "content": {
    "name": "main_ui_btn_1",
    "atlas": "",
    "rect": {
      "x": 6,
      "y": 2,
      "width": 43,
      "height": 63
    },
    "offset": {
      "x": 1,
      "y": 1
    },
    "originalSize": {
      "width": 53,
      "height": 69
    },
    "rotated": false,
    "capInsets": [
      0,
      0,
      0,
      0
    ],
    "vertices": {
      "rawPosition": [
        -21.5,
        -31.5,
        0,
        21.5,
        -31.5,
        0,
        -21.5,
        31.5,
        0,
        21.5,
        31.5,
        0
      ],
      "indexes": [
        0,
        1,
        2,
        2,
        1,
        3
      ],
      "uv": [
        6,
        67,
        49,
        67,
        6,
        4,
        49,
        4
      ],
      "nuv": [
        0.11320754716981132,
        0.057971014492753624,
        0.9245283018867925,
        0.057971014492753624,
        0.11320754716981132,
        0.9710144927536232,
        0.9245283018867925,
        0.9710144927536232
      ],
      "minPos": {
        "x": -21.5,
        "y": -31.5,
        "z": 0
      },
      "maxPos": {
        "x": 21.5,
        "y": 31.5,
        "z": 0
      }
    },
    "texture": "e51d61b8-b34e-467e-a9b8-85814b65cba7@6c48a",
    "packable": true,
    "pixelsToUnit": 100,
    "pivot": {
      "x": 0.5,
      "y": 0.5
    },
    "meshType": 0
  }
}