{
  "__type__": "cc.SpriteFrame",
  "content": {
    "name": "鸡哥",
    "atlas": "",
    "rect": {
      "x": 22,
      "y": 25,
      "width": 77,
      "height": 95
    },
    "offset": {
      "x": -3.5,
      "y": -8.5
    },
    "originalSize": {
      "width": 128,
      "height": 128
    },
    "rotated": false,
    "capInsets": [
      0,
      0,
      0,
      0
    ],
    "vertices": {
      "rawPosition": [
        -38.5,
        -47.5,
        0,
        38.5,
        -47.5,
        0,
        -38.5,
        47.5,
        0,
        38.5,
        47.5,
        0
      ],
      "indexes": [
        0,
        1,
        2,
        2,
        1,
        3
      ],
      "uv": [
        22,
        103,
        99,
        103,
        22,
        8,
        99,
        8
      ],
      "nuv": [
        0.171875,
        0.0625,
        0.7734375,
        0.0625,
        0.171875,
        0.8046875,
        0.7734375,
        0.8046875
      ],
      "minPos": {
        "x": -38.5,
        "y": -47.5,
        "z": 0
      },
      "maxPos": {
        "x": 38.5,
        "y": 47.5,
        "z": 0
      }
    },
    "texture": "71103c41-bead-46dd-9777-836ab901494c@6c48a",
    "packable": true,
    "pixelsToUnit": 100,
    "pivot": {
      "x": 0.5,
      "y": 0.5
    },
    "meshType": 0
  }
}